{
	"partitions" : [
		{
			"name" : "Top",
			"pins" : [
				{
					"name" : "Hex0[0]",
					"strict" : false
				},
				{
					"name" : "Hex0[1]",
					"strict" : false
				},
				{
					"name" : "Hex0[2]",
					"strict" : false
				},
				{
					"name" : "Hex0[3]",
					"strict" : false
				},
				{
					"name" : "Hex0[4]",
					"strict" : false
				},
				{
					"name" : "Hex0[5]",
					"strict" : false
				},
				{
					"name" : "Hex0[6]",
					"strict" : false
				},
				{
					"name" : "Hex1[0]",
					"strict" : false
				},
				{
					"name" : "Hex1[1]",
					"strict" : false
				},
				{
					"name" : "Hex1[2]",
					"strict" : false
				},
				{
					"name" : "Hex1[3]",
					"strict" : false
				},
				{
					"name" : "Hex1[4]",
					"strict" : false
				},
				{
					"name" : "Hex1[5]",
					"strict" : false
				},
				{
					"name" : "Hex4[0]",
					"strict" : false
				},
				{
					"name" : "Hex4[1]",
					"strict" : false
				},
				{
					"name" : "Hex4[2]",
					"strict" : false
				},
				{
					"name" : "Hex4[3]",
					"strict" : false
				},
				{
					"name" : "Hex4[4]",
					"strict" : false
				},
				{
					"name" : "Hex4[5]",
					"strict" : false
				},
				{
					"name" : "Hex4[6]",
					"strict" : false
				},
				{
					"name" : "Hex5[0]",
					"strict" : false
				},
				{
					"name" : "Hex5[1]",
					"strict" : false
				},
				{
					"name" : "Hex5[2]",
					"strict" : false
				},
				{
					"name" : "Hex5[3]",
					"strict" : false
				},
				{
					"name" : "Hex5[4]",
					"strict" : false
				},
				{
					"name" : "Hex5[5]",
					"strict" : false
				},
				{
					"name" : "Q[0]",
					"strict" : false
				},
				{
					"name" : "Q[1]",
					"strict" : false
				},
				{
					"name" : "Q[2]",
					"strict" : false
				},
				{
					"name" : "Q[3]",
					"strict" : false
				},
				{
					"name" : "R[0]",
					"strict" : false
				},
				{
					"name" : "R[1]",
					"strict" : false
				},
				{
					"name" : "R[2]",
					"strict" : false
				},
				{
					"name" : "R[3]",
					"strict" : false
				},
				{
					"name" : "Rdy",
					"strict" : false
				},
				{
					"name" : "Start",
					"strict" : false
				},
				{
					"name" : "Rst",
					"strict" : false
				},
				{
					"name" : "Mclk",
					"strict" : false
				},
				{
					"name" : "DD[3]",
					"strict" : false
				},
				{
					"name" : "DD[1]",
					"strict" : false
				},
				{
					"name" : "DD[0]",
					"strict" : false
				},
				{
					"name" : "DD[2]",
					"strict" : false
				},
				{
					"name" : "DS[2]",
					"strict" : false
				},
				{
					"name" : "DS[1]",
					"strict" : false
				},
				{
					"name" : "DS[0]",
					"strict" : false
				},
				{
					"name" : "DS[3]",
					"strict" : false
				}
			]
		}
	]
}