{
	"partitions" : [
		{
			"name" : "Top",
			"pins" : [
				{
					"name" : "F[0]",
					"strict" : false
				},
				{
					"name" : "F[1]",
					"strict" : false
				},
				{
					"name" : "F[2]",
					"strict" : false
				},
				{
					"name" : "F[3]",
					"strict" : false
				},
				{
					"name" : "BE",
					"strict" : false
				},
				{
					"name" : "GE",
					"strict" : false
				},
				{
					"name" : "Z",
					"strict" : false
				},
				{
					"name" : "OV",
					"strict" : false
				},
				{
					"name" : "CBo",
					"strict" : false
				},
				{
					"name" : "OP[1]",
					"strict" : false
				},
				{
					"name" : "W[0]",
					"strict" : false
				},
				{
					"name" : "Y[0]",
					"strict" : false
				},
				{
					"name" : "OP[0]",
					"strict" : false
				},
				{
					"name" : "W[1]",
					"strict" : false
				},
				{
					"name" : "Y[1]",
					"strict" : false
				},
				{
					"name" : "W[3]",
					"strict" : false
				},
				{
					"name" : "W[2]",
					"strict" : false
				},
				{
					"name" : "OP[2]",
					"strict" : false
				},
				{
					"name" : "CBi",
					"strict" : false
				},
				{
					"name" : "Y[2]",
					"strict" : false
				},
				{
					"name" : "Y[3]",
					"strict" : false
				}
			]
		}
	]
}