{
	"partitions" : [
		{
			"name" : "Top",
			"pins" : [
				{
					"name" : "o[0]",
					"strict" : false
				},
				{
					"name" : "o[1]",
					"strict" : false
				},
				{
					"name" : "o[2]",
					"strict" : false
				},
				{
					"name" : "v",
					"strict" : false
				},
				{
					"name" : "i7",
					"strict" : false
				},
				{
					"name" : "i5",
					"strict" : false
				},
				{
					"name" : "i6",
					"strict" : false
				},
				{
					"name" : "i3",
					"strict" : false
				},
				{
					"name" : "i1",
					"strict" : false
				},
				{
					"name" : "i2",
					"strict" : false
				},
				{
					"name" : "i4",
					"strict" : false
				},
				{
					"name" : "i0",
					"strict" : false
				}
			]
		}
	]
}